medical_condition,symptoms,drug_name,side_effects,rx_otc,alcohol,rating,no_of_reviews,age_group,gender,body_part,,,
Acne,Whiteheads,Benzoyl Peroxide,Dryness,Rx,X,6.8,760,Child,All,"Face (pimples), Back (clogged pores), Chest (blackheads)",,,
Acne,Blackheads,Benzoyl Peroxide,Peeling,Rx,,5.7,482,Child,Female,"Face (pimples), Back (clogged pores), Chest (blackheads)",,,
Acne,Increased sebum (oil) production,Clindamycin,Redness,Rx,X,7.9,623,Adult,All,"Face (pimples), Back (clogged pores), Chest (blackheads)",,,
Acne,Itching or irritation,Clindamycin,Burning,Rx/OTC,,7.8,51,Teenager,Female,"Face (pimples), Back (clogged pores), Chest (blackheads)",,,
Acne,dark spots after healing,Tretinoin,Itching,Rx,,8.4,8,Teenager,All,"Face (pimples), Back (clogged pores), Chest (blackheads)",,,
Acne,Skin sensitivity or tenderness,Spironolactone,Stinging,Rx,X,7.5,57,Teenager,Male,"Face (pimples), Back (clogged pores), Chest (blackheads)",,,
Acne,Oily skin,Adapalene,Stomach upset,Rx,X,5,1,Child,Female,"Face (pimples), Back (clogged pores), Chest (blackheads)",,,
Acne,Redness and inflammation around affected area,Adapalene,Stomach upset,Rx/OTC,,7,3,Child,Female,"Face (pimples), Back (clogged pores), Chest (blackheads)",,,
Acne,Cysts,Erythromycin,Stinging,OTC,,8.5,6,Senior,Male,"Face (pimples), Back (clogged pores), Chest (blackheads)",,,
Acne,Nodules,Azelaic Acid,Itching,OTC,,,,Child,All,"Face (pimples), Back (clogged pores), Chest (blackheads)",,,
ADHD,Hyperactivity,Ritalin,Dry mouth,Rx,X,7.3,768,Child,Female,"Eyes (distracted gaze), Hands (fidgeting), Feet (tapping)",,,
ADHD,Difficulty sustaining focus,Concerta,Weight loss,Rx,X,8.3,73,Child,Male,"Eyes (distracted gaze), Hands (fidgeting), Feet (tapping)",,,
ADHD,Disorganization,Dexmethylphenidate,Stomach pain,Rx,X,6.5,8,Teenager,Female,"Eyes (distracted gaze), Hands (fidgeting), Feet (tapping)",,,
ADHD,Interrupting others,Atomoxetine,Dizziness,Rx,X,8.7,3,Teenager,Female,"Eyes (distracted gaze), Hands (fidgeting), Feet (tapping)",,,
ADHD,Poor time management,Modafinil,Insomnia,Rx,X,2,1,Child,Female,"Eyes (distracted gaze), Hands (fidgeting), Feet (tapping)",,,
ADHD,Mood swings,Behavioral therapy (non-drug),Headache,Rx,,4.8,12,Teenager,All,"Eyes (distracted gaze), Hands (fidgeting), Feet (tapping)",,,
ADHD,Easily distracted,Daytrana,Dry mouth,Rx,X,6.1,133,Senior,Male,"Eyes (distracted gaze), Hands (fidgeting), Feet (tapping)",,,
ADHD,Frequent daydreaming,Cotempia XR-ODT,Weight loss,Rx,,5.8,137,Teenager,Male,"Eyes (distracted gaze), Hands (fidgeting), Feet (tapping)",,,
ADHD,Trouble following instructions,Cotempia XR-ODT,Dizziness,Rx,X,7.9,17,Senior,Male,Male,,,
ADHD,Forgetfulness,Cotempia XR-ODT,Headache,Rx,X,5.5,124,Adult,Male,"Eyes (distracted gaze), Hands (fidgeting), Feet (tapping)",,,
AIDS/HIV,Fever,Zidovudine (AZT),Nausea,Rx,,7.1,14,Child,Female,"Skin (purple lesions), Mouth (white ulcers), Genitals (sores)",,,
AIDS/HIV,Fatigue,Lamivudine,Fatigue,Rx,X,9.1,103,Teenager,All,"Skin (purple lesions), Mouth (white ulcers), Genitals (sores)",,,
AIDS/HIV,Swollen lymph nodes,Tenofovir,Headache,Rx,,1,3,Senior,Male,"Skin (purple lesions), Mouth (white ulcers), Genitals (sores)",,,
AIDS/HIV,Weight loss,Efavirenz,Diarrhea,Rx,X,8.6,17,Adult,All,"Skin (purple lesions), Mouth (white ulcers), Genitals (sores)",,,
AIDS/HIV,Diarrhea,Abacavir,Insomnia,Rx,,7.7,4,Adult,Male,"Skin (purple lesions), Mouth (white ulcers), Genitals (sores)",,,
AIDS/HIV,Oral thrush,Nevirapine,Dizziness,Rx,,8.3,58,Teenager,Male,"Skin (purple lesions), Mouth (white ulcers), Genitals (sores)",,,
AIDS/HIV,Night sweats,Dolutegravir,Skin rash,Rx,X,5.1,7,Teenager,Female,"Skin (purple lesions), Mouth (white ulcers), Genitals (sores)",,,
AIDS/HIV,Recurrent infections,Ritonavir,Dizziness,Rx,,4,3,Adult,Female,"Skin (purple lesions), Mouth (white ulcers), Genitals (sores)",,,
AIDS/HIV,Skin rashes,Ritonavir,Dizziness,Rx,,,,Child,Female,"Skin (purple lesions), Mouth (white ulcers), Genitals (sores)",,,
AIDS/HIV,Muscle and joint pain,Norvir,Skin rash,Rx,,7.3,3,Child,All,"Skin (purple lesions), Mouth (white ulcers), Genitals (sores)",,,
Allergies,Coughing,Cetirizine,Dry mouth,Rx,X,7.3,60,Senior,Female,"Eyes (itching), Nose (runny), Skin (hives)",,,
Allergies,Sneezing,Loratadine,Dizziness,Rx/OTC,X,4.7,213,Child,Female,"Eyes (itching), Nose (runny), Skin (hives)",,,
Allergies,Runny or stuffy nose,Diphenhydramine,Nausea,Rx/OTC,,4.8,8,Adult,Male,"Eyes (itching), Nose (runny), Skin (hives)",,,
Allergies,Itchy or watery eyes,Fluticasone nasal spray,Headache,Rx/OTC,X,,,Adult,Male,"Eyes (itching), Nose (runny), Skin (hives)",,,
Allergies,Skin rashes or hives,Levocetirizine,Fatigue,Rx,,5,2,Adult,Female,"Eyes (itching), Nose (runny), Skin (hives)",,,
Allergies,"Swelling (lips, face, throat)",Nasal saline sprays,Irritability,Rx,,5,2,Child,Female,"Eyes (itching), Nose (runny), Skin (hives)",,,
Allergies,Wheezing,Desloratadine,Increased appetite,OTC,X,,,Senior,All,"Eyes (itching), Nose (runny), Skin (hives)",,,
Allergies,Shortness of breath,levocetirizine,Nasal dryness (from sprays),OTC,X,,,Child,All,"Eyes (itching), Nose (runny), Skin (hives)",,,
Allergies,Headache,Hydroxyzine,Sore throat,OTC,X,,,Senior,Male,"Eyes (itching), Nose (runny), Skin (hives)",,,
Allergies,Fatigue,loratadine,Nasal dryness (from sprays),Rx,,,,Child,All,"Eyes (itching), Nose (runny), Skin (hives)",,,
Alzheimers,Memory loss,Donepezil,Nausea,Rx,,5,32,Adult,Female,Uncategorized,,,
Alzheimers,Confusion,Rivastigmine,Vomiting,Rx,,4.8,63,Adult,Female,Uncategorized,,,
Alzheimers,Poor judgment,Galantamine,Diarrhea,Rx,,4.5,53,Teenager,Male,Uncategorized,,,
Alzheimers,Mood and behavior changes,Aricept,Loss of appetite,Rx,,8.1,12,Child,Female,Uncategorized,,,
Alzheimers,Disorientation,Antidepressants,Muscle cramps,Rx,,3.3,4,Child,Female,Uncategorized,,,
Alzheimers,Misplacing things,donepezil,Nausea,Rx,,6,28,Teenager,Female,Mental/Neurological,,,
Alzheimers,Problems with speaking or writing,Rivastigmine,Vomiting,Rx,,,,Adult,Female,Uncategorized,,,
Alzheimers,Getting lost,donepezil,Diarrhea,Rx/OTC,,,,Child,All,Uncategorized,,,
Alzheimers,Loss of initiative,memantine,Diarrhea,Rx,,,,Teenager,All,Uncategorized,,,
Alzheimers,Difficult with solving problems,memantine,Muscle cramps,Rx,,,,Child,All,Uncategorized,,,
Angina,Chest pain or discomfort,nitroglycerin,Low blood pressure,Rx,X,8.6,8,Senior,All,"Chest (tight pain), Jaw (radiating pain), Arm (numbness)",,,
Angina,Shortness of breath,Aspirin,Low blood pressure,Rx,X,7.5,15,Adult,All,"Chest (tight pain), Jaw (radiating pain), Arm (numbness)",,,
Angina,Irregular heartbeat,Ranolazine,Low blood pressure,Rx,,8.5,2,Senior,Male,"Chest (tight pain), Jaw (radiating pain), Arm (numbness)",,,
Angina,Cold sweats,ACE inhibitors,Slow heart rate,Rx/OTC,X,10,1,Adult,Female,"Chest (tight pain), Jaw (radiating pain), Arm (numbness)",,,
Angina,Weakness,Clopidogrel,Slow heart rate,Rx,,,,Teenager,Male,"Chest (tight pain), Jaw (radiating pain), Arm (numbness)",,,
Angina,Fatigue,Nicorandil,Slow heart rate,Rx,X,,,Adult,Female,"Chest (tight pain), Jaw (radiating pain), Arm (numbness)",,,
Angina,Heaviness or pressure in the chest,Trimetazidine,Cough,Rx,X,10,1,Adult,Female,"Chest (tight pain), Jaw (radiating pain), Arm (numbness)",,,
Angina,Indigestion-like feeling,Ranolazine,Cough,Rx,X,,,Teenager,Female,"Chest (tight pain), Jaw (radiating pain), Arm (numbness)",,,
Angina,Increased pain with exertion,Trimetazidine,Cough,Rx,X,,,Adult,Male,"Chest (tight pain), Jaw (radiating pain), Arm (numbness)",,,
Angina,Irregular heartbeat,Aspirin,Low blood pressure,Rx,X,,,Child,Female,"Chest (tight pain), Jaw (radiating pain), Arm (numbness)",,,
Anxiety,Excessive worry,Alprazolam,Headache,Rx,X,6.4,295,Teenager,Female,"Chest (tightness), Hands (sweating), Abdomen (fluttering)",,,
Anxiety,Restlessness,Diazepam,Headache,Rx,X,6.6,128,Teenager,All,"Chest (tightness), Hands (sweating), Abdomen (fluttering)",,,
Anxiety,Fatigue,Lorazepam,Fatigue,Rx,X,7.2,264,Teenager,All,"Chest (tightness), Hands (sweating), Abdomen (fluttering)",,,
Anxiety,Difficulty concentrating,Buspirone,Fatigue,Rx,X,7,107,Senior,Female,"Chest (tightness), Hands (sweating), Abdomen (fluttering)",,,
Anxiety,Irritability,Clonazepam,Dry mouth,Rx,X,9.3,108,Senior,All,"Chest (tightness), Hands (sweating), Abdomen (fluttering)",,,
Anxiety,Muscle tension,Cymbalta,Dry mouth,Rx,X,9,4,Adult,Male,"Chest (tightness), Hands (sweating), Abdomen (fluttering)",,,
Anxiety,Sleep disturbances,Venlafaxine,Weight changes,Rx,X,8.5,54,Teenager,Female,"Chest (tightness), Hands (sweating), Abdomen (fluttering)",,,
Anxiety,Rapid heartbeat,Mirtazapine,Weight changes,Rx,X,10,3,Adult,Male,"Chest (tightness), Hands (sweating), Abdomen (fluttering)",,,
Anxiety,Sweating,Hydroxyzine,Sexual dysfunction,Rx,X,9,3,Child,All,"Chest (tightness), Hands (sweating), Abdomen (fluttering)",,,
Anxiety,Shortness of breath,Lorazepam,Sexual dysfunction,Rx,X,8.5,14,Teenager,All,"Chest (tightness), Hands (sweating), Abdomen (fluttering)",,,
Asthma,Nocturnal cough,Salbutamol,voice changes,Rx,,7.2,65,Child,Male,"Chest (wheezing), Throat (tight), Nose (blocked)",,,
Asthma,Breathlessness,Terbutaline,Oral thrush (fungal infection in the mouth),Rx,,6.9,46,Adult,Female,"Chest (wheezing), Throat (tight), Nose (blocked)",,,
Asthma,Chest tightness,Montelukast,Cough or throat,Rx,,,,Senior,All,"Chest (wheezing), Throat (tight), Nose (blocked)",,,
Asthma,Difficulty keeping up with peers in physical activities,Fluticasone,Cough or throat,Rx,,7.3,5,Adult,All,"Chest (wheezing), Throat (tight), Nose (blocked)",,,
Asthma,Shortness of breath,Ipratropium Bromide,irritation,Rx,,10,1,Child,All,"Chest (wheezing), Throat (tight), Nose (blocked)",,,
Asthma,Recurrent episodes of wheezing,Levalbuterol ,Headache,Rx,,7.5,2,Teenager,Male,"Chest (wheezing), Throat (tight), Nose (blocked)",,,
Asthma,"Self-imposed limitation of physical activities, general fatigue",Formoterol,Nosebleeds (if nasal spray form is used),Rx,,8.7,3,Adult,Male,"Chest (wheezing), Throat (tight), Nose (blocked)",,,
Asthma,Cough,Salbutamol,Slowed growth in children,Rx,,,,Teenager,All,"Chest (wheezing), Throat (tight), Nose (blocked)",,,
Asthma,"Dyspnoea, inspiratory wheezing( stridor)",Terbutaline,Nosebleeds (if nasal spray form is used),Rx,,0,1,Senior,Female,"Chest (wheezing), Throat (tight), Nose (blocked)",,,
Asthma,Excessive cough & mucus secretion,Tezspire,Slowed growth in children,Rx/OTC,,8.5,3,Senior,Male,"Chest (wheezing), Throat (tight), Nose (blocked)",,,
Bipolar Disorder,Irritability,benzodiazepines,Weight gain,Rx,X,8.1,600,Senior,Female,"Face (rapid mood changes), Hands (shaky), Sleep (visible fatigue)",,,
Bipolar Disorder,Fast speech,antidepressants,Tremor,Rx,X,5.8,18,Teenager,Male,"Face (rapid mood changes), Hands (shaky), Sleep (visible fatigue)",,,
Bipolar Disorder,Racing thoughts,hydroxyzine,Nausea,Rx,X,10,1,Adult,Male,"Face (rapid mood changes), Hands (shaky), Sleep (visible fatigue)",,,
Bipolar Disorder,Impulsivity,Ziprasidone,Drowsiness,Rx,X,6.2,180,Teenager,Female,"Face (rapid mood changes), Hands (shaky), Sleep (visible fatigue)",,,
Bipolar Disorder,Poor judgment,Lurasidone,Dizziness,Rx,X,8.5,14,Teenager,Female,"Face (rapid mood changes), Hands (shaky), Sleep (visible fatigue)",,,
Bipolar Disorder,Loss of interest,Topiramate,Thyroid issues,Rx,X,9,3,Adult,Female,"Face (rapid mood changes), Hands (shaky), Sleep (visible fatigue)",,,
Bipolar Disorder,Appetite changes,benzodiazepines,Liver toxicity,Rx,X,7.1,13,Senior,Male,"Face (rapid mood changes), Hands (shaky), Sleep (visible fatigue)",,,
Bipolar Disorder,Difficulty concentrating,antidepressants,Rashes,Rx,X,,,Senior,Female,"Face (rapid mood changes), Hands (shaky), Sleep (visible fatigue)",,,
Bipolar Disorder,Suicidal thoughts,hydroxyzine,Constipation,Rx,X,6.9,53,Adult,Female,"Face (rapid mood changes), Hands (shaky), Sleep (visible fatigue)",,,
Bipolar Disorder,Feelings of worthlessness,Depakote,Constipation,Rx,X,6.2,289,Teenager,Female,"Face (rapid mood changes), Hands (shaky), Sleep (visible fatigue)",,,
Bronchitis,Persistent cough,Amoxicillin,Headache,Rx/OTC,,5.8,51,Teenager,Female,"Chest (persistent cough), Throat (mucus), Nose (congestion)",,,
Bronchitis,Mucus (sputum) production,Azithromycin,Upset stomach,Rx,,5.9,17,Senior,Female,"Chest (persistent cough), Throat (mucus), Nose (congestion)",,,
Bronchitis,Wheezing,Doxycycline,Rash,Rx,,5.4,120,Child,Female,"Chest (persistent cough), Throat (mucus), Nose (congestion)",,,
Bronchitis,Shortness of breath,Salbutamol,Dry mouth,Rx,,6.5,33,Child,Female,"Chest (persistent cough), Throat (mucus), Nose (congestion)",,,
Bronchitis,Chest discomfort,Codeine-based cough suppressants,Tremors,Rx,,5.5,23,Child,Male,"Chest (persistent cough), Throat (mucus), Nose (congestion)",,,
Bronchitis,Fatigue,mucolytics,Increased heart rate,Rx,,6.5,29,Teenager,Female,"Chest (persistent cough), Throat (mucus), Nose (congestion)",,,
Bronchitis,Sore throat,antibiotics,Headache,Rx,X,7.5,4,Teenager,Male,"Chest (persistent cough), Throat (mucus), Nose (congestion)",,,
Bronchitis,Mild fever and chills,mucolytics,Tremors,Rx/OTC,,9,1,Senior,All,"Chest (persistent cough), Throat (mucus), Nose (congestion)",,,
Bronchitis,Nasal congestion,levofloxacin,Increased heart rate,Rx,X,7,1,Child,All,"Chest (persistent cough), Throat (mucus), Nose (congestion)",,,
Bronchitis,Trouble sleeping,antibiotics,Dry mouth,Rx/OTC,,,,Senior,Male,"Chest (persistent cough), Throat (mucus), Nose (congestion)",,,
Cancer,"Skin changes (lumps, sores)",Cyclophosphamide,Skin rashes,Rx,,1,2,Senior,Female,"Skin (unusual lump), Breast (hard mass), Testicle (swelling)",,,
Cancer,Persistent cough,Methotrexate,Mouth sores,Rx,,,,Senior,Male,"Skin (unusual lump), Breast (hard mass), Testicle (swelling)",,,
Cancer,Weight loss or gain,Tamoxifen,Anemia,Rx,,,,Adult,All,"Skin (unusual lump), Breast (hard mass), Testicle (swelling)",,,
Cancer,Difficulty swallowing,Leuprolide,Appetite loss,Rx,,,,Child,Male,"Skin (unusual lump), Breast (hard mass), Testicle (swelling)",,,
Cancer,Changes in bowel or bladder habits,Corticosteroids,Diarrhea or constipation,Rx,,,,Child,All,"Skin (unusual lump), Breast (hard mass), Testicle (swelling)",,,
Cancer,Unusual bleeding or discharge,pain relievers,Peripheral neuropathy,Rx,,,,Adult,Male,"Skin (unusual lump), Breast (hard mass), Testicle (swelling)",,,
Cancer,Fever or night sweats,Cyclophosphamide,mood changes,Rx,,1,1,Adult,Male,"Skin (unusual lump), Breast (hard mass), Testicle (swelling)",,,
Cancer,Loss of appetite,Methotrexate,Mouth sores,Rx,,,,Child,Male,"Skin (unusual lump), Breast (hard mass), Testicle (swelling)",,,
Cancer,Unexplained lumps or swelling,Tamoxifen,Anemia,Rx,,,,Adult,Male,"Skin (unusual lump), Breast (hard mass), Testicle (swelling)",,,
Cancer,Bleeding that doesn't stop,Leuprolide,Appetite loss,Rx,,,,Senior,Male,"Skin (unusual lump), Breast (hard mass), Testicle (swelling)",,,
Cholestrol,Chest pain (angina),Pravastatin,Liver enzyme elevation,Rx,,4.7,115,Teenager,All,Heart,,,
Cholestrol,Yellowish patches around the eyes,Ezetimibe,Headache,Rx,,4.3,311,Senior,Male,Heart,,,
Cholestrol,Shortness of breath (if heart is affected),Fenofibrate,Nausea,Rx,,5,189,Child,Male,Uncategorized,,,
Cholestrol,Fatigue,Niacin,Constipation,Rx,,6.3,24,Adult,Male,Uncategorized,,,
Cholestrol,Palpitations,Omega-3 fatty acids (fish oil),Diarrhea,Rx,,6.7,11,Teenager,Female,Skin (General),,,
Cholestrol,Leg pain when walking,Pravastatin,Fatigue,Rx,,10,1,Child,All,Uncategorized,,,
Cholestrol,Increased risk of stroke or heart attack,Ezetimibe,Stomach discomfort,Rx,,5.1,13,Adult,Male,Heart,,,
Cholestrol,Obesity or weight gain,Fenofibrate,Dizziness,Rx,,10,1,Teenager,All,Uncategorized,,,
Cholestrol,Family history of high cholesterol,Niacin,Liver enzyme elevation,Rx,,4,1,Teenager,Male,Uncategorized,,,
Cholestrol,Obesity or weight gain,cholesterol absorption inhibitors,Constipation,Rx,X,,,Adult,Female,Uncategorized,,,
Colds & Flu,Runny or stuffy nose,Paracetamol,Increased heart rate,OTC,X,,,Teenager,All,Uncategorized,,,
Colds & Flu,Sneezing,Cetirizine,Drowsiness,Rx/OTC,X,,,Child,Female,Uncategorized,,,
Colds & Flu,Sore throat,Dolo 650,Dizziness,Rx/OTC,X,,,Adult,Female,Mouth/Throat,,,
Colds & Flu,Cough,azithromycin,Dry mouth,Rx/OTC,X,10,1,Senior,Male,Uncategorized,,,
Colds & Flu,Headache,Vitamin C supplements,Nausea,Rx/OTC,X,9.5,2,Child,All,Uncategorized,,,
Colds & Flu,Body aches,Honey & herbal syrups,Upset stomach,Rx/OTC,X,6.7,3,Child,All,Uncategorized,,,
Colds & Flu,Fatigue,Honey & herbal syrups,Upset stomach,Rx/OTC,X,9.1,13,Adult,All,Whole Body/Systemic,,,
Colds & Flu,Watery eyes,Paracetamol,Increased heart rate,Rx/OTC,X,,,Adult,All,Uncategorized,,,
Colds & Flu,Fatigue,Cetirizine,Drowsiness,Rx/OTC,X,,,Teenager,Male,Uncategorized,,,
Colds & Flu,Body aches,Dolo 650,Dizziness,Rx/OTC,X,,,Child,Male,Uncategorized,,,
Constipation,Infrequent bowel movements,Dulcoflex,Bloating,Rx/OTC,,7.4,24,Teenager,Female,"Abdomen (bloating), Anus (straining), Rectum (incomplete feeling)",,,
Constipation,Loss of appetite,Lactulose,Gas,Rx/OTC,,,,Child,Male,"Abdomen (bloating), Anus (straining), Rectum (incomplete feeling)",,,
Constipation,Nausea,Lubiprostone,Cramps,Rx/OTC,,,,Child,All,"Abdomen (bloating), Anus (straining), Rectum (incomplete feeling)",,,
Constipation,Rectal pain,Magnesium hydroxide,Diarrhe,OTC,,,,Senior,Male,"Abdomen (bloating), Anus (straining), Rectum (incomplete feeling)",,,
Constipation,Small or pellet-like stools,Pottasium chloride,Abdominal discomfort,OTC,,,,Child,Female,"Abdomen (bloating), Anus (straining), Rectum (incomplete feeling)",,,
Constipation,Feeling blocked or unable to pass stool,Magnesium citrate,Nausea,Rx/OTC,,7.7,8,Teenager,All,"Abdomen (bloating), Anus (straining), Rectum (incomplete feeling)",,,
Constipation,Hard or lumpy stools,Linaclotide,Gas,Rx/OTC,,10,1,Teenager,All,"Abdomen (bloating), Anus (straining), Rectum (incomplete feeling)",,,
Constipation,Feeling of incomplete evacuation,Lubiprostone,Bloating,Rx/OTC,,,,Senior,Female,"Abdomen (bloating), Anus (straining), Rectum (incomplete feeling)",,,
Constipation,Discomfort in the stomach,Methylcellulose,Abdominal discomfort,OTC,,,,Teenager,Female,"Abdomen (bloating), Anus (straining), Rectum (incomplete feeling)",,,
Constipation,stomach pain,Methylcellulose,Nausea,Rx/OTC,,,,Adult,All,"Abdomen (bloating), Anus (straining), Rectum (incomplete feeling)",,,
Depression,Persistent sadness,Citalopram,Nausea,Rx,X,6.8,612,Teenager,All,"Face (expressionless), Eyes (dull), Posture (slumped)",,,
Depression,low mood,Citalopram,Nausea,Rx,X,7,423,Child,Male,"Face (expressionless), Eyes (dull), Posture (slumped)",,,
Depression,Loss of interest,escitalopram,Headache,Rx,X,7.2,364,Adult,All,"Face (expressionless), Eyes (dull), Posture (slumped)",,,
Depression,low energy,escitalopram,Drowsiness,Rx,X,7,168,Child,Male,"Face (expressionless), Eyes (dull), Posture (slumped)",,,
Depression,Changes in appetite or weight,fluoxetine,Dry mouth,Rx,X,10,1,Teenager,Female,"Face (expressionless), Eyes (dull), Posture (slumped)",,,
Depression,insomnia,fluoxetine,Weight changes,Rx,X,6.5,14,Teenager,All,"Face (expressionless), Eyes (dull), Posture (slumped)",,,
Depression,oversleeping,paroxetine,Sexual dysfunction,Rx,X,,,Child,Female,"Face (expressionless), Eyes (dull), Posture (slumped)",,,
Depression,Feelings of worthlessness,sertraline,Insomnia,Rx,X,9.8,5,Child,All,"Face (expressionless), Eyes (dull), Posture (slumped)",,,
Depression,Difficulty concentrating,vilazodone,Increased sweating,Rx,X,,,Child,Female,"Face (expressionless), Eyes (dull), Posture (slumped)",,,
Depression,Thoughts of death or suicide,vilazodone,Dizziness,Rx,X,0,1,Teenager,Male,"Face (expressionless), Eyes (dull), Posture (slumped)",,,
Diabetes(Type 1),Increased thirst,Metformin,Nausea,Rx,X,6.8,8,Child,All,Uncategorized,,,
Diabetes(Type 1),Frequent urination,Insulin (various types),Nausea,Rx,X,3.3,18,Child,All,Uncategorized,,,
Diabetes(Type 1),Extreme hunger,Glipizide,Diarrhea,Rx,X,3.8,74,Adult,Female,Uncategorized,,,
Diabetes(Type 1),Unexplained weight loss,Glyburide,Diarrhea,Rx,X,5.9,19,Child,Male,Uncategorized,,,
Diabetes(Type 1),Fatigue,Sitagliptin,Weight gain,Rx,X,2,17,Teenager,Female,Uncategorized,,,
Diabetes(Type 1),Blurred vision,injectable non-insulin medications,Weight gain,Rx,X,,,Adult,Female,Uncategorized,,,
Diabetes(Type 1),Slow-healing wounds,Metaformin,Low blood sugar,Rx,X,,,Senior,Male,Uncategorized,,,
Diabetes(Type 1),Frequent infections,Metformin,Low blood sugar,Rx,X,3.9,75,Teenager,Female,"Genitals/Urinary, Skin (General)",,,
Diabetes(Type 1),Tingling or numbness in hands/feet,Insulin (various types),Bloating,Rx,X,,,Teenager,Female,Uncategorized,,,
Diabetes(Type 1),Dry skin,Glipizide,Bloating,Rx,X,,,Senior,All,Uncategorized,,,
Diabetes(Type 1),Dry skin,Glyburide,Headache,Rx,X,5.9,253,Teenager,Female,Uncategorized,,,
Diabetes(Type 1),Tingling or numbness in hands/feet,Sitagliptin,Headache,Rx,X,4.5,125,Senior,All,Uncategorized,,,
Diabetes(Type 1),Frequent infections,injectable non-insulin medications,Fatigue,Rx,X,5.7,153,Senior,Male,Uncategorized,,,
Diabetes(Type 1),Slow-healing wounds,Metaformin,Fatigue,Rx,X,4.5,125,Teenager,Female,Uncategorized,,,
Diabetes(Type 1),Blurred vision,Metaformin,Dizziness,Rx,X,5.7,153,Child,Male,Uncategorized,,,
Diabetes(Type 1),Fatigue,injectable non-insulin medications,Dizziness,Rx,X,4.6,155,Child,All,Eyes,,,
Diabetes(Type 1),Unexplained weight loss,Glyburide,Low blood sugar,Rx,X,4.6,125,Senior,All,Uncategorized,,,
Diabetes(Type 1),Extreme hunger,Glyburide,Low blood sugar,Rx,X,7.6,507,Adult,All,"Genitals/Urinary, Skin (General)",,,
Diabetes(Type 1),Frequent urination,Glipizide,Weight gain,Rx,X,6.6,70,Senior,Female,Skin (General),,,
Diabetes(Type 1),Increased thirst,Glipizide,Injection site reactions when insulin used,Rx,X,7.2,9,Senior,All,Uncategorized,,,
Diarrhea,Frequent loose or watery stools,ors,Constipation,Rx/OTC,X,8.1,33,Senior,All,"Abdomen (cramping), Anus (burning), Skin (dehydration signs)",,,
Diarrhea,Abdominal cramps,antibiotics,Dizziness,Rx,X,8,66,Child,Female,"Abdomen (cramping), Anus (burning), Skin (dehydration signs)",,,
Diarrhea,Bloating,loperamide,Nausea,Rx,,1,1,Child,Female,"Abdomen (cramping), Anus (burning), Skin (dehydration signs)",,,
Diarrhea,Urgent need to have a bowel movement,ciprofloxacin (if bacterial),Dry mouth,Rx,X,9.6,28,Child,Female,"Abdomen (cramping), Anus (burning), Skin (dehydration signs)",,,
Diarrhea,Nausea,Probiotics,Abdominal discomfort,Rx,,10,1,Senior,All,"Abdomen (cramping), Anus (burning), Skin (dehydration signs)",,,
Diarrhea,Dehydration,Zinc supplements,Black tongue or stool,Rx,,,,Adult,All,"Abdomen (cramping), Anus (burning), Skin (dehydration signs)",,,
Diarrhea,Fever,"natural remedy (ginger team , pomegranate)",Loss of appetite,OTC,,1,1,Child,Female,"Abdomen (cramping), Anus (burning), Skin (dehydration signs)",,,
Diarrhea,Fatigue,"natural remedy (ginger team , pomegranate)",Dry mouth,OTC,,9,1,Teenager,Female,"Abdomen (cramping), Anus (burning), Skin (dehydration signs)",,,
Diarrhea,Weight loss,Probiotics,Nausea,OTC,,,,Teenager,Male,"Abdomen (cramping), Anus (burning), Skin (dehydration signs)",,,
Diarrhea,Bloating,Probiotics,Dizziness,Rx,X,,,Teenager,Male,"Abdomen (cramping), Anus (burning), Skin (dehydration signs)",,,
Eczema,"Dry, scaly skin",Moisturizers,Increased sensitivity,Rx,,6.8,19,Senior,Female,"Skin (dry itchy patches), Elbows (redness), Hands (cracked skin)",,,
Eczema,Itching,Moisturizers,Increased sensitivity,Rx,,6.6,178,Teenager,Female,"Skin (dry itchy patches), Elbows (redness), Hands (cracked skin)",,,
Eczema,Red or inflamed patches,emollients,Redness or irritation,Rx,,6.6,186,Senior,Male,"Skin (dry itchy patches), Elbows (redness), Hands (cracked skin)",,,
Eczema,Cracked n thickened skin,Hydrocortisone,Redness or irritation,OTC,,9.3,3,Teenager,Female,"Skin (dry itchy patches), Elbows (redness), Hands (cracked skin)",,,
Eczema,Swelling,Betamethasone,stinging sensation,Rx,,,,Adult,All,"Skin (dry itchy patches), Elbows (redness), Hands (cracked skin)",,,
Eczema,Skin discoloration,Coal tar preparations,stinging sensation,Rx,,,,Senior,All,"Skin (dry itchy patches), Elbows (redness), Hands (cracked skin)",,,
Eczema,Blisters,Coal tar preparations,Allergic reactions,Rx,,,,Teenager,All,"Skin (dry itchy patches), Elbows (redness), Hands (cracked skin)",,,
Eczema,Burning sensation,Oatmeal-based creams,Allergic reactions,Rx/OTC,,,,Child,Female,"Skin (dry itchy patches), Elbows (redness), Hands (cracked skin)",,,
Eczema,Sensitive or raw skin,Oatmeal-based creams,stinging sensation,Rx/OTC,,,,Senior,Female,"Skin (dry itchy patches), Elbows (redness), Hands (cracked skin)",,,
Eczema,Itching,emollients,stinging sensation,Rx,,,,Child,Male,"Skin (dry itchy patches), Elbows (redness), Hands (cracked skin)",,,
Erectile Dysfunction,Reduced sexual desire,Viagra,Headache,Rx,X,8.6,448,Child,Male,"Penis (lack of firmness), Hands (coldness if vascular)",,,
Erectile Dysfunction,Premature ejaculation,Tadalafil,Flushing,Rx,X,8.2,423,Child,Male,"Penis (lack of firmness), Hands (coldness if vascular)",,,
Erectile Dysfunction,delayed ejaculation,Vardenafil,Nasal congestion,Rx,X,8.5,227,Child,Male,"Penis (lack of firmness), Hands (coldness if vascular)",,,
Erectile Dysfunction,Anxiety related to sexual performance,Avanafil,Upset stomach,Rx,X,8.4,601,Teenager,Male,"Penis (lack of firmness), Hands (coldness if vascular)",,,
Erectile Dysfunction,Low confidence,Injectable medications,Back pain,Rx,X,8,170,Teenager,Male,"Penis (lack of firmness), Hands (coldness if vascular)",,,
Erectile Dysfunction,Relationship strain,testosterone therapy,Muscle aches,Rx,,7.1,174,Senior,Male,"Penis (lack of firmness), Hands (coldness if vascular)",,,
Erectile Dysfunction,Reduced sexual desire,Viagra,Vision change,Rx,,7.6,47,Senior,Male,"Penis (lack of firmness), Hands (coldness if vascular)",,,
Erectile Dysfunction,Premature ejaculation,Tadalafil,Flushing,Rx,,6.7,23,Senior,Male,"Penis (lack of firmness), Hands (coldness if vascular)",,,
Erectile Dysfunction,delayed ejaculation,Vardenafil,Back pain,Rx,,5.3,55,Teenager,Male,"Penis (lack of firmness), Hands (coldness if vascular)",,,
Erectile Dysfunction,Anxiety related to sexual performance,testosterone therapy,Muscle aches,Rx,X,5.7,62,Senior,Male,"Penis (lack of firmness), Hands (coldness if vascular)",,,
Gastrointestinal,Constipation,Ranitidine,Headache,Rx,,,,Child,All,Uncategorized,,,
Gastrointestinal,Heartburn,Domperidone,Headache,Rx,,,,Teenager,Female,Abdomen,,,
Gastrointestinal,Acid reflux,Ondansetron,Constipation or diarrhea,Rx,,,,Senior,All,Uncategorized,,,
Gastrointestinal,Abdominal pain,Mesalamine,Constipation or diarrhea,Rx,,,,Child,Male,Uncategorized,,,
Gastrointestinal,Bloating,Probiotics,Nausea,Rx/OTC,,,,Senior,All,Uncategorized,,,
Gastrointestinal,Gas,Xylocaine Jelly,Nausea,Rx/OTC,,,,Adult,Male,Abdomen,,,
Gastrointestinal,Loss of appetite,Antacids,Dizziness,Rx,,,,Senior,Male,"Abdomen, Chest/Lungs",,,
GERD(HeartBurn),Burning sensation in the chest (heartburn),Omeprazole,Bloating,Rx/OTC,,4.7,257,Adult,Male,Chest/Lungs,,,
GERD(HeartBurn),Difficulty swallowing,Esomeprazole,Bloating,Rx,,6.3,86,Senior,All,"Abdomen, Mouth/Throat",,,
GERD(HeartBurn),Chronic cough,Pantoprazole,Stomach cramps,OTC,,,,Senior,Female,Mouth/Throat,,,
GERD(HeartBurn),Sore throat,Lansoprazole,Stomach cramps,Rx,,6.1,27,Teenager,Female,Chest/Lungs,,,
GERD(HeartBurn),Chest pain,Ranitidine,Flatulence,OTC,,9.7,4,Teenager,All,Uncategorized,,,
GERD(HeartBurn),Wheezing or shortness of breath,ginger,Flatulence,Rx,,9,1,Adult,Male,Uncategorized,,,
GERD(HeartBurn),Excessive salivation,probitiocs,Dry mouth,Rx/OTC,X,7.5,8,Teenager,All,Heart,,,
GERD(HeartBurn),Belching,magnesium hydroxide(antacid),Dry mouth,OTC,,10,1,Child,Female,Uncategorized,,,
GERD(HeartBurn),Bad breath,Omeprazole,Diarrhea or constipation,OTC,,9.7,3,Child,All,Uncategorized,,,
GERD(HeartBurn),Hoarseness,Esomeprazole,Diarrhea or constipation,OTC,,,,Adult,All,Uncategorized,,,
Gout,intense joint pain,Allopurinol,kidney stones,Rx,,7.4,77,Child,Female,"Big toe (sudden sharp pain), Ankle (red swelling), Knee (warmth)",,,
Gout,"Swollen, red, and hot joints",Colchicine,kidney stones,Rx,,8.1,46,Child,Female,"Big toe (sudden sharp pain), Ankle (red swelling), Knee (warmth)",,,
Gout,Pain in the big toe,Indomethacin,rash,Rx,,9,1,Senior,Male,"Big toe (sudden sharp pain), Ankle (red swelling), Knee (warmth)",,,
Gout,less range of motion in affected joints,Febuxostat,rash,Rx,,9.5,2,Teenager,Male,"Big toe (sudden sharp pain), Ankle (red swelling), Knee (warmth)",,,
Gout,Lingering discomfort after the severe pain,vitaminc c,stomach pain,Rx,,8.1,61,Child,Female,"Big toe (sudden sharp pain), Ankle (red swelling), Knee (warmth)",,,
Gout,subsides,folic acid,stomach pain,Rx,,8.4,10,Child,Male,"Big toe (sudden sharp pain), Ankle (red swelling), Knee (warmth)",,,
Gout,Joint stiffness,steroid injection,dizziness,Rx,,9.7,6,Teenager,Female,"Big toe (sudden sharp pain), Ankle (red swelling), Knee (warmth)",,,
Gout,fever,Allopurinol,dizziness,Rx,,8,13,Child,All,"Big toe (sudden sharp pain), Ankle (red swelling), Knee (warmth)",,,
Gout,"Swollen, red, and hot joints",Colchicine,kidney stones,Rx,,,,Child,Male,"Big toe (sudden sharp pain), Ankle (red swelling), Knee (warmth)",,,
Gout,intense joint pain,Indomethacin,kidney stones,Rx/OTC,,5.3,140,Teenager,Female,"Big toe (sudden sharp pain), Ankle (red swelling), Knee (warmth)",,,
Hair Loss,Thinning hair,minoxidil,Scalp irritation,Rx/OTC,,5.3,140,Senior,All,"Scalp (thinning spots), Eyebrows (shedding), Beard (patchiness)",,,
Hair Loss,Bald patches,Finasteride,Itching or redness at the application site,Rx,,,,Child,All,"Scalp (thinning spots), Eyebrows (shedding), Beard (patchiness)",,,
Hair Loss,Excessive shedding of hair,Dutasteride,Dry or flaky scalp,Rx,,,,Teenager,Female,"Scalp (thinning spots), Eyebrows (shedding), Beard (patchiness)",,,
Hair Loss,Receding hairline,Corticosteroids,Unwanted facial hair,Rx/OTC,,4.6,40,Child,Female,"Scalp (thinning spots), Eyebrows (shedding), Beard (patchiness)",,,
Hair Loss,Gradual thinning on the top of the head,hair transplant therapy,Hair shedding,Rx,,8.8,13,Child,All,"Scalp (thinning spots), Eyebrows (shedding), Beard (patchiness)",,,
Hair Loss,Sudden hair loss in small patches,biotin supplements,Hair shedding,Rx,,,,Senior,All,"Scalp (thinning spots), Eyebrows (shedding), Beard (patchiness)",,,
Hair Loss,Changes in hair texture or growth patterns,low level laser therapy,Unwanted facial hair,Rx/OTC,,3.7,4,Adult,Female,"Scalp (thinning spots), Eyebrows (shedding), Beard (patchiness)",,,
Hair Loss,Thinning hair,Corticosteroids,Dry or flaky scalp,Rx/OTC,,8.3,6,Adult,Female,"Scalp (thinning spots), Eyebrows (shedding), Beard (patchiness)",,,
Hair Loss,Itching or pain on the scalp,Minoxidil,Itching or redness at the application site,Rx,,,,Teenager,All,"Scalp (thinning spots), Eyebrows (shedding), Beard (patchiness)",,,
Hay Fever,Sneezing,Loratadine,Drowsiness,Rx/OTC,X,5.2,133,Adult,All,"Nose (constant sneezing), Eyes (watering), Skin (itchiness)",,,
Hay Fever,Runny nose,Avoid allergens,Drowsiness,Rx/OTC,X,5.4,196,Teenager,Female,"Nose (constant sneezing), Eyes (watering), Skin (itchiness)",,,
Hay Fever,Nasal congestion,Cetirizine,Dry mouth,Rx/OTC,,4.5,157,Adult,Female,"Nose (constant sneezing), Eyes (watering), Skin (itchiness)",,,
Hay Fever,Itchy eyes,Saline nasal spray,Dry mouth,Rx,,4.5,100,Senior,All,"Nose (constant sneezing), Eyes (watering), Skin (itchiness)",,,
Hay Fever,Watery eyes,Fexofenadine,Headache,Rx/OTC,,5.9,61,Teenager,Female,"Nose (constant sneezing), Eyes (watering), Skin (itchiness)",,,
Hay Fever,Cough,Air purifiers,Headache,OTC,,1,2,Adult,Female,"Nose (constant sneezing), Eyes (watering), Skin (itchiness)",,,
Hay Fever,Postnasal drip,Fluticasone,Nasal irritation,Rx,,4.9,27,Senior,Female,"Nose (constant sneezing), Eyes (watering), Skin (itchiness)",,,
Hay Fever,Fatigue,Herbal teas,Nasal irritation,Rx/OTC,,5.8,64,Adult,Female,"Nose (constant sneezing), Eyes (watering), Skin (itchiness)",,,
Hay Fever,Itchy throat,Acupuncture,Sneezing,Rx,X,5,3,Child,Male,"Nose (constant sneezing), Eyes (watering), Skin (itchiness)",,,
Hay Fever,Headache,Cromolyn sodium,Sneezing,Rx/OTC,,5.8,93,Child,Male,"Nose (constant sneezing), Eyes (watering), Skin (itchiness)",,,
Herpes,Blisters,Acyclovir,Nausea,Rx,,8,94,Senior,All,"Mouth (cold sores), Genitals (painful blisters), Buttocks (tingling rash)",,,
Herpes,Itching,Valacyclovir,Nausea,Rx,,5.8,9,Child,Male,"Mouth (cold sores), Genitals (painful blisters), Buttocks (tingling rash)",,,
Herpes,Burning sensation,Famciclovir,Headache,Rx,,9.3,4,Child,Female,"Mouth (cold sores), Genitals (painful blisters), Buttocks (tingling rash)",,,
Herpes,Pain during urination,Lidocaine,Headache,OTC,,4.5,422,Teenager,Male,"Mouth (cold sores), Genitals (painful blisters), Buttocks (tingling rash)",,,
Herpes,Flu-like symptoms,Ibuprofen,Dizziness,Rx,,8.6,14,Adult,All,"Mouth (cold sores), Genitals (painful blisters), Buttocks (tingling rash)",,,
Herpes,Swollen lymph nodes,Cold compress,Dizziness,Rx,,8.7,3,Teenager,All,"Mouth (cold sores), Genitals (painful blisters), Buttocks (tingling rash)",,,
Herpes,Fever,Aloe vera gel,Skin irritation,OTC,,4.6,433,Adult,All,"Mouth (cold sores), Genitals (painful blisters), Buttocks (tingling rash)",,,
Herpes,Fatigue,Lysine supplements,Skin irritation,OTC,,10,1,Child,Male,"Mouth (cold sores), Genitals (painful blisters), Buttocks (tingling rash)",,,
Herpes,Sores,Stress reduction,Stomach upset,OTC,,10,1,Teenager,Male,"Mouth (cold sores), Genitals (painful blisters), Buttocks (tingling rash)",,,
Herpes,Tingling sensation,Tea tree oil,Stomach upset,Rx,,7.4,7,Adult,Male,"Mouth (cold sores), Genitals (painful blisters), Buttocks (tingling rash)",,,
Hypertension,Often asymptomatic,Lisinopril,Cough,Rx,,4.9,540,Adult,All,"Head (throbbing), Eyes (bloodshot or pressure sensation), Chest (tightness during spikes)",,,
Hypertension,Headaches,Amlodipine,Cough,Rx,,4.5,527,Teenager,Female,"Head (throbbing), Eyes (bloodshot or pressure sensation), Chest (tightness during spikes)",,,
Hypertension,Dizziness,Hydrochlorothiazide,Swelling,Rx,X,5,151,Senior,Female,"Head (throbbing), Eyes (bloodshot or pressure sensation), Chest (tightness during spikes)",,,
Hypertension,Nosebleeds,Losartan,Swelling,Rx,,7.2,109,Adult,All,"Head (throbbing), Eyes (bloodshot or pressure sensation), Chest (tightness during spikes)",,,
Hypertension,Blurred vision,Atenolol,Fatigue,Rx,X,4.4,15,Child,All,"Head (throbbing), Eyes (bloodshot or pressure sensation), Chest (tightness during spikes)",,,
Hypertension,Chest pain,Low-sodium diet,Electrolyte imbalance,Rx,X,5.6,75,Adult,All,"Head (throbbing), Eyes (bloodshot or pressure sensation), Chest (tightness during spikes)",,,
Hypertension,Fatigue,Exercise,Fatigue,Rx,X,4.2,10,Child,All,"Head (throbbing), Eyes (bloodshot or pressure sensation), Chest (tightness during spikes)",,,
Hypertension,Irregular heartbeat,Weight loss,Dizziness,Rx,X,5.6,45,Teenager,Female,"Head (throbbing), Eyes (bloodshot or pressure sensation), Chest (tightness during spikes)",,,
Hypertension,Shortness of breath,Meditation,Dizziness,Rx,X,5.4,20,Adult,Male,"Head (throbbing), Eyes (bloodshot or pressure sensation), Chest (tightness during spikes)",,,
Hypertension,Confusion,DASH diet,Electrolyte imbalance,Rx,X,,,Child,Male,"Head (throbbing), Eyes (bloodshot or pressure sensation), Chest (tightness during spikes)",,,
Hypothyroidism,Fatigue,levothyroxine,Fatigue,Rx,,5.1,468,Child,Female,"Face (puffiness), Hands (coldness), Hair (brittle thinning)",,,
Hypothyroidism,Weight gain,Synthroid,Fatigue,Rx,,6.3,89,Teenager,Male,"Face (puffiness), Hands (coldness), Hair (brittle thinning)",,,
Hypothyroidism,Cold intolerance,Armour Thyroid,Insomnia,Rx,,6.6,124,Adult,Female,"Face (puffiness), Hands (coldness), Hair (brittle thinning)",,,
Hypothyroidism,Dry skin,Tirosint-Sol,Insomnia,Rx,,1,3,Adult,Male,"Face (puffiness), Hands (coldness), Hair (brittle thinning)",,,
Hypothyroidism,Constipation,Triostat,Sweating,Rx,,,,Teenager,Female,"Face (puffiness), Hands (coldness), Hair (brittle thinning)",,,
Hypothyroidism,Slow heart rate,Armour Thyroid,Sweating,Rx,,6.6,123,Adult,Male,"Face (puffiness), Hands (coldness), Hair (brittle thinning)",,,
Hypothyroidism,Puffy face,Levoxyl,Weight loss,Rx,,6.6,17,Teenager,All,"Face (puffiness), Hands (coldness), Hair (brittle thinning)",,,
Hypothyroidism,Hoarseness,Cytomel,Weight loss,Rx,,6.9,39,Adult,All,"Face (puffiness), Hands (coldness), Hair (brittle thinning)",,,
Hypothyroidism,Memory issues,Tirosint,Anxiety,Rx,,6.7,50,Senior,Male,"Face (puffiness), Hands (coldness), Hair (brittle thinning)",,,
Hypothyroidism,Hoarseness,Unithroid,Anxiety,Rx,,7.3,3,Adult,Female,"Face (puffiness), Hands (coldness), Hair (brittle thinning)",,,
IBD(Bowel),Diarrhea,Mesalamine,Nausea,Rx,,7.6,31,Child,Male,"Abdomen, Whole Body/Systemic",,,
IBD(Bowel),Abdominal pain,Infliximab,Nausea,Rx,,7.3,14,Child,Male,Abdomen,,,
IBD(Bowel),Weight loss,Azathioprine,Headache,Rx,,5.5,2,Senior,All,Whole Body/Systemic,,,
IBD(Bowel),Fatigue,Prednisone,Headache,Rx,,9,1,Adult,Female,Uncategorized,,,
IBD(Bowel),Rectal bleeding,Methotrexate,Immune suppression,Rx,,,,Child,All,Uncategorized,,,
IBD(Bowel),Urgency,Methotrexate,Immune suppression,Rx,,10,1,Child,Male,"Mental/Neurological, Whole Body/Systemic",,,
IBD(Bowel),Cramping,Low FODMAP diet," Bone loss,",Rx,,,,Adult,All,Abdomen,,,
IBD(Bowel),Fever,Probiotics," Bone loss,",Rx,,,,Teenager,Female,Abdomen,,,
IBD(Bowel),Anemia,Turmeric,Liver toxicity,Rx,,,,Adult,Male,Whole Body/Systemic,,,
IBD(Bowel),Loss of appetite,Omega-3,Liver toxicity,Rx,,,,Teenager,Male,"Limbs (Arms/Legs), Whole Body/Systemic",,,
Incontinence,Sudden urge to urinate,oxybutynin,Dry mouth,Rx/OTC,X,5.7,74,Senior,All,"Genitals (leakage), Thighs (wetness), Skin (irritation)",,,
Incontinence,Leakage during coughing or sneezing,Desmopressin,Dry mouth,Rx,,4.3,80,Senior,Female,"Genitals (leakage), Thighs (wetness), Skin (irritation)",,,
Incontinence,Frequent urination,Tolterodine,Blurred vision,Rx,,6.6,41,Child,Female,"Genitals (leakage), Thighs (wetness), Skin (irritation)",,,
Incontinence,Anexity,Mirabegron,Blurred vision,Rx,X,6.1,7,Child,Female,"Genitals (leakage), Thighs (wetness), Skin (irritation)",,,
Incontinence,Nocturia,Duloxetine,Hypertension,Rx,X,5.8,18,Child,Female,"Genitals (leakage), Thighs (wetness), Skin (irritation)",,,
Incontinence,Incomplete bladder emptying,"Solifenacin






",Hypertension,Rx,,6.5,15,Teenager,Female,"Genitals (leakage), Thighs (wetness), Skin (irritation)",,,
Incontinence,Dribbling urine," Fesoterodine







",Nausea,Rx,,6.5,49,Child,Male,"Genitals (leakage), Thighs (wetness), Skin (irritation)",,,
Incontinence,Weak urine stream," Trospium







",Nausea,Rx,X,8.4,18,Adult,Male,"Genitals (leakage), Thighs (wetness), Skin (irritation)",,,
Incontinence,Painful urination," Darifenacin







",Low sodium levels,Rx,X,5.5,2,Teenager,Female,"Genitals (leakage), Thighs (wetness), Skin (irritation)",,,
Incontinence,Skin irritation," Imipramine.








",Low sodium levels,Rx,,4.4,93,Senior,Female,"Genitals (leakage), Thighs (wetness), Skin (irritation)",,,
Insomnia,Difficulty falling asleep,Zolpidem,Drowsiness,Rx,X,7,543,Teenager,Male,"Brain ,Central nervous system",,,
Isomnia,Waking during night,Eszopiclone,Drowsiness,Rx,X,3.6,505,Child,Male,"Brain ,Central nervous system",,,
Isomnia,Early awakening,Trazodone,Dizziness,Rx,X,4.2,170,Adult,Female,"Brain ,Central nervous system",,,
Isomnia,Daytime fatigue,Temazepam,Dizziness,Rx,X,6.4,423,Adult,Female,"Brain ,Central nervous system",,,
Isomnia,Irritability,Ramelteon,Headache,Rx,X,5.8,313,Child,Male,"Brain ,Central nervous system",,,
Isomnia,Poor concentration,CBT-I therapy,Headache,Rx,X,6.5,98,Adult,All,"Brain ,Central nervous system",,,
Isomnia,Headache,Melatonin,Dependency,OTC,X,6.9,12,Teenager,All,"Brain ,Central nervous system",,,
Isomnia,Depression,Sleep hygiene,Dependency,OTC,X,,,Teenager,All,"Brain ,Central nervous system",,,
Isomnia,Anxiety,Herbal teas,Memory issues,OTC,X,,,Child,Male,"Brain ,Central nervous system",,,
Isomnia,Worry about sleep,Meditation,Memory issues,Rx/OTC,X,8.4,7,Adult,Male,"Brain ,Central nervous system",,,
Menopause,Hot flashes,Estrogen therapy,Breast tenderness,Rx,,9.2,13,Senior,Male,"Skin (hot flashes), Chest (palpitations), Genitals (dryness or irritation)",,,
Menopause,Night sweats,Progesterone,Breast tenderness,Rx,,,,Teenager,All,"Skin (hot flashes), Chest (palpitations), Genitals (dryness or irritation)",,,
Menopause,Mood changes,Gabapentin,Nausea,Rx,,,,Teenager,Female,"Skin (hot flashes), Chest (palpitations), Genitals (dryness or irritation)",,,
Menopause,Sleep problems,Clonidine,Nausea,Rx,,,,Teenager,Male,"Skin (hot flashes), Chest (palpitations), Genitals (dryness or irritation)",,,
Menopause,Weight gain,SSRIs,Mood swings,Rx,,5.6,10,Teenager,Male,"Skin (hot flashes), Chest (palpitations), Genitals (dryness or irritation)",,,
Menopause,Irregular periods,Soy isoflavones,Mood swings,Rx,,5.6,10,Senior,Male,"Skin (hot flashes), Chest (palpitations), Genitals (dryness or irritation)",,,
Menopause," Vaginal dryness, Decreased libido, Memory issues, Anxiety",Black cohosh,"Blood clots, Weight gain",Rx,,,,Child,All,"Skin (hot flashes), Chest (palpitations), Genitals (dryness or irritation)",,,
Migraine,Throbbing pain,sumatriptan,Drowsiness,Rx,,7.6,434,Teenager,Female,"Head (throbbing one-sided pain), Eyes (light sensitivity), Neck (stiffness)",,,
Migraine,Nausea,sumatriptan,Drowsiness,Rx,X,7,52,Adult,All,"Head (throbbing one-sided pain), Eyes (light sensitivity), Neck (stiffness)",,,
Migraine,Sensitivity to light,Rizatriptan,Dizziness,Rx,,5.2,171,Senior,All,"Head (throbbing one-sided pain), Eyes (light sensitivity), Neck (stiffness)",,,
Migraine,Sensitivity to sound,Propranolol,Dizziness,Rx,,,,Teenager,All,"Head (throbbing one-sided pain), Eyes (light sensitivity), Neck (stiffness)",,,
Migraine,Visual aura,Topiramate,Dry mouth,Rx,,4.5,19,Adult,Male,"Head (throbbing one-sided pain), Eyes (light sensitivity), Neck (stiffness)",,,
Migraine,Vomiting,Amitriptyline,Dry mouth,Rx,,5.3,174,Teenager,All,"Head (throbbing one-sided pain), Eyes (light sensitivity), Neck (stiffness)",,,
Migraine,Neck stiffness,Yoga,Weight changes,Rx,,,,Child,Female,"Head (throbbing one-sided pain), Eyes (light sensitivity), Neck (stiffness)",,,
Migraine,Fatigue,Acupuncture,Weight changes,Rx,,8.6,148,Senior,Female,"Head (throbbing one-sided pain), Eyes (light sensitivity), Neck (stiffness)",,,
Migraine,Mood changes,Cold packs,Tingling,Rx,X,8.5,48,Child,Female,"Head (throbbing one-sided pain), Eyes (light sensitivity), Neck (stiffness)",,,
Migraine,Food cravings,Sleep hygiene,Tingling,Rx,X,9.1,89,Senior,Female,"Head (throbbing one-sided pain), Eyes (light sensitivity), Neck (stiffness)",,,
Osteoarthritis,Joint deformity,Acetaminophen,GI issues,Rx,X,6.8,198,Teenager,All,"Knees (grinding pain), Fingers (bony swelling), Hips (stiffness)",,,
Osteoarthritis,Joint pain,NSAIDs,GI issues,Rx,,7.1,79,Teenager,Female,"Knees (grinding pain), Fingers (bony swelling), Hips (stiffness)",,,
Osteoarthritis,Stiffness,Duloxetine,Drowsiness,Rx,X,8.1,57,Senior,Female,"Knees (grinding pain), Fingers (bony swelling), Hips (stiffness)",,,
Osteoarthritis,Swelling,Glucosamine,Drowsiness,Rx/OTC,X,6.7,51,Adult,All,"Knees (grinding pain), Fingers (bony swelling), Hips (stiffness)",,,
Osteoarthritis,Decreased range of motion,Corticosteroids,Liver toxicity,Rx/OTC,X,7.5,5,Adult,All,"Knees (grinding pain), Fingers (bony swelling), Hips (stiffness)",,,
Osteoarthritis,Crepitus,Naprosyn,Liver toxicity,Rx/OTC,X,6,5,Teenager,Male,"Knees (grinding pain), Fingers (bony swelling), Hips (stiffness)",,,
Osteoarthritis,Bone spurs,Physical therapy,Weight gain,Rx,,7.7,47,Teenager,All,"Knees (grinding pain), Fingers (bony swelling), Hips (stiffness)",,,
Osteoarthritis,Muscle weakness,Weight management,Weight gain,Rx,X,9.4,7,Child,All,"Knees (grinding pain), Fingers (bony swelling), Hips (stiffness)",,,
Osteoarthritis,Morning stiffness,Heat/cold therapy,Risk of diabetes,Rx,X,9.5,2,Teenager,Male,"Knees (grinding pain), Fingers (bony swelling), Hips (stiffness)",,,
Osteoarthritis,Pain after activity,Assistive devices,Risk of diabetes,Rx,X,7.8,5,Senior,Male,"Knees (grinding pain), Fingers (bony swelling), Hips (stiffness)",,,
Pain,Aching,Ibuprofen,Stomach upset,Rx,X,8.4,456,Teenager,Male,"Back (hunched posture), Wrists (fragile pain), Hips (fracture risk pain)",,,
Pain,Burning sensation,Acetaminophen,Stomach upset,Rx/OTC,X,6.1,58,Adult,Male,"Back (hunched posture), Wrists (fragile pain), Hips (fracture risk pain)",,,
Pain,Sharp discomfort,Naproxen,Liver toxicity,Rx,X,5.5,188,Child,Female,"Back (hunched posture), Wrists (fragile pain), Hips (fracture risk pain)",,,
Pain,Throbbing,Tramadol,Liver toxicity,Rx/OTC,X,6.6,16,Child,Female,"Back (hunched posture), Wrists (fragile pain), Hips (fracture risk pain)",,,
Pain,Tingling,Morphine,Drowsiness,Rx,X,8.7,166,Senior,All,"Back (hunched posture), Wrists (fragile pain), Hips (fracture risk pain)",,,
Pain,Stiffness,Physical therapy,Drowsiness,Rx,X,6.2,743,Adult,All,"Back (hunched posture), Wrists (fragile pain), Hips (fracture risk pain)",,,
Pain,Swelling,Heat/cold therapy,Constipation,Rx,X,8.2,245,Adult,Female,"Back (hunched posture), Wrists (fragile pain), Hips (fracture risk pain)",,,
Pain,Cramping,Massage,Constipation,Rx,X,6.3,139,Senior,Female,"Back (hunched posture), Wrists (fragile pain), Hips (fracture risk pain)",,,
Pain,Radiating sensation,Acupuncture,Dependency,Rx,X,8.8,194,Child,Male,"Back (hunched posture), Wrists (fragile pain), Hips (fracture risk pain)",,,
Pain,Soreness,Mindfulness,Dependency,Rx,X,10,4,Senior,Male,"Back (hunched posture), Wrists (fragile pain), Hips (fracture risk pain)",,,
Pnemonia,Cough,Amoxicillin,Nausea,Rx,,5.8,4,Teenager,Female,Uncategorized,,,
Pnemonia,Fever,Azithromycin,Nausea,Rx,X,8,1,Adult,All,Uncategorized,,,
Pnemonia,Shortness of breath,Levofloxacin,Diarrhea,Rx,,9,2,Child,Female,Uncategorized,,,
Pnemonia,Chest pain,Ceftriaxone,Diarrhea,Rx,X,8,1,Senior,All,Uncategorized,,,
Pnemonia,Fatigue,Doxycycline,Rash,Rx,,10,1,Child,Female,Uncategorized,,,
Pnemonia,Chills,Rest,Rash,Rx,,10,1,Teenager,Male,Uncategorized,,,
Pnemonia,Sweating,Fluids,Headache,Rx,,6.5,2,Adult,All,Uncategorized,,,
Pnemonia,Nausea,Steam inhalation,Headache,Rx,,5.5,2,Senior,Male,Uncategorized,,,
Pnemonia,Confusion,Honey and lemon,Sensitivity to sunlight,Rx,,5.5,2,Child,Female,Uncategorized,,,
Pnemonia,Rapid breathing,Breathing exercises,Sensitivity to sunlight,Rx,,10,1,Adult,All,Uncategorized,,,
Psoriasis,Red patches with scales,Methotrexate,Liver issues,Rx,,6.9,114,Adult,All,Uncategorized,,,
Psoriasis,Dry skin,Adalimumab,Liver issues,Rx,,8.3,135,Child,All,Uncategorized,,,
Psoriasis,Itching,Calcipotriene,Infection risk,Rx,,8.2,137,Adult,Male,Uncategorized,,,
Psoriasis,Burning,Calcipotriene,Infection risk,Rx,,6.9,116,Adult,Female,Uncategorized,,,
Psoriasis,Thickened nails,Light therapy,Skin irritation,Rx,,7.5,11,Senior,Male,Uncategorized,,,
Psoriasis,Nail pitting,Moisturizers,Skin irritation,Rx,,7.9,20,Adult,All,Uncategorized,,,
Psoriasis,Scalp flaking,Oatmeal baths,Odor,Rx,,6.6,9,Senior,Male,Uncategorized,,,
Psoriasis,Cracked skin,Diet change,Odor,Rx,,6.5,14,Adult,All,Uncategorized,,,
Psoriasis,Painful joints,Aloe vera,Dryness,Rx,,3.7,3,Teenager,Male,Uncategorized,,,
Psoriasis,Fatigue,Aloe vera,Dryness,Rx,X,,,Teenager,Female,Uncategorized,,,
Schizophrenia,Hallucinations,Risperidone,Weight gain,Rx,X,7.8,54,Senior,Male,"Scalp (scaly patches), Elbows (thickened skin), Knees (flaky redness)",,,
Schizophrenia,Delusions,Olanzapine,Weight gain,Rx,X,6.3,18,Senior,Male,"Scalp (scaly patches), Elbows (thickened skin), Knees (flaky redness)",,,
Schizophrenia,Disorganized thinking,Aripiprazole,Sedation,Rx,X,3.6,12,Teenager,Male,"Scalp (scaly patches), Elbows (thickened skin), Knees (flaky redness)",,,
Schizophrenia,Social withdrawal,Quetiapine,Sedation,Rx,X,9,13,Adult,Male,"Scalp (scaly patches), Elbows (thickened skin), Knees (flaky redness)",,,
Schizophrenia,Lack of motivation,Clozapine,Diabetes risk,Rx,X,4.5,96,Senior,Female,"Scalp (scaly patches), Elbows (thickened skin), Knees (flaky redness)",,,
Schizophrenia,Blunted emotions,Psychotherapy,Diabetes risk,Rx,X,9.1,11,Child,All,"Scalp (scaly patches), Elbows (thickened skin), Knees (flaky redness)",,,
Schizophrenia,Poor hygiene,Cognitive therapy,Tremors,Rx,X,3.6,93,Adult,All,"Scalp (scaly patches), Elbows (thickened skin), Knees (flaky redness)",,,
Schizophrenia,Paranoia,Social skills training,Tremors,Rx,X,6,14,Adult,All,"Scalp (scaly patches), Elbows (thickened skin), Knees (flaky redness)",,,
Schizophrenia,Memory problems,Family therapy,Dry mouth,Rx,X,6.2,26,Teenager,Female,"Scalp (scaly patches), Elbows (thickened skin), Knees (flaky redness)",,,
Schizophrenia,Difficulty concentrating,Exercise,Dry mouth,Rx,X,9.5,4,Senior,Female,"Scalp (scaly patches), Elbows (thickened skin), Knees (flaky redness)",,,
Rheumatoid Arthritis,Joint pain,Methotrexate,Liver damage,Rx,,6.8,71,Adult,Male,"Face (blunted expression), Mouth (muttering), Hands (unusual gestures)",,,
Rheumatoid Arthritis,Swelling,Leflunomide,Immune suppression,Rx,,6.7,42,Senior,Female,"Face (blunted expression), Mouth (muttering), Hands (unusual gestures)",,,
Rheumatoid Arthritis,Morning stiffness,Hydroxychloroquine,GI upset,Rx,X,5.2,86,Senior,All,"Face (blunted expression), Mouth (muttering), Hands (unusual gestures)",,,
Rheumatoid Arthritis,Fatigue,Sulfasalazine,Rash,Rx,X,6.1,31,Senior,Female,"Face (blunted expression), Mouth (muttering), Hands (unusual gestures)",,,
Rheumatoid Arthritis,Weight loss,Etanercept,Headache,Rx,,6,53,Teenager,All,"Face (blunted expression), Mouth (muttering), Hands (unusual gestures)",,,
Rheumatoid Arthritis,Redness,Omega-3,Liver damage,Rx,,7.2,19,Senior,Female,"Face (blunted expression), Mouth (muttering), Hands (unusual gestures)",,,
Rheumatoid Arthritis,Warm joints,Heat/cold therapy,Immune suppression,Rx,,6.3,13,Teenager,Female,"Face (blunted expression), Mouth (muttering), Hands (unusual gestures)",,,
Rheumatoid Arthritis,Decreased range of motion,Low-impact exercise,GI upset,Rx,,6.3,12,Child,All,"Face (blunted expression), Mouth (muttering), Hands (unusual gestures)",,,
Rheumatoid Arthritis,Nodules,Acupuncture,Rash,Rx,,10,2,Adult,All,"Face (blunted expression), Mouth (muttering), Hands (unusual gestures)",,,
Rheumatoid Arthritis,Joint deformity,Diet change,Headache,Rx,,5.2,114,Adult,Female,"Face (blunted expression), Mouth (muttering), Hands (unusual gestures)",,,
Seizures,Loss of awareness,Phenytoin,Drowsiness,Rx,X,5.7,182,Child,Female,"Hands (morning stiffness), Feet (swelling), Knees (warmth)",,,
Seizures,Uncontrolled jerking,Valproate,Drowsiness,Rx,X,,,Teenager,Male,"Hands (morning stiffness), Feet (swelling), Knees (warmth)",,,
Seizures,Staring spells,Carbamazepine,Dizziness,Rx,X,0,1,Adult,All,"Hands (morning stiffness), Feet (swelling), Knees (warmth)",,,
Seizures,Temporary confusion,Lamotrigine,Dizziness,Rx,X,0,1,Teenager,Male,"Hands (morning stiffness), Feet (swelling), Knees (warmth)",,,
Seizures,Fear or anxiety,Levetiracetam,Mood swings,Rx,X,9,1,Teenager,Female,"Hands (morning stiffness), Feet (swelling), Knees (warmth)",,,
Seizures,Déjŕ vu feeling,Blood pressure control,Mood swings,Rx,X,7.5,2,Teenager,All,"Hands (morning stiffness), Feet (swelling), Knees (warmth)",,,
Seizures,Stiffening,Occupational therapy,Weight gain,Rx,X,,,Child,Female,"Hands (morning stiffness), Feet (swelling), Knees (warmth)",,,
Seizures,Twitching,Speech therapy,Weight gain,Rx,X,6.7,27,Child,All,"Hands (morning stiffness), Feet (swelling), Knees (warmth)",,,
Seizures,Tongue biting,Physical therapy,Coordination issues,Rx,X,,,Teenager,Female,"Hands (morning stiffness), Feet (swelling), Knees (warmth)",,,
Seizures,Loss of bladder control,Carotid endarterectomy,Coordination issues,Rx,X,,,Senior,Male,"Hands (morning stiffness), Feet (swelling), Knees (warmth)",,,
Stroke,Sudden numbness,Alteplase,Bleeding,Rx,,6.4,12,Child,Male,"Hands (shaking/twitching), Face (jaw clenching), Tongue (biting)",,,
Stroke,Trouble walking,Aspirin,GI bleeding,Rx,,7.2,15,Senior,Male,"Hands (shaking/twitching), Face (jaw clenching), Tongue (biting)",,,
Stroke,Severe headache,Clopidogrel,Rash,Rx,,,,Senior,All,"Hands (shaking/twitching), Face (jaw clenching), Tongue (biting)",,,
Stroke,Arm weakness,Warfarin,Brain bleeding,Rx,,,,Teenager,All,"Hands (shaking/twitching), Face (jaw clenching), Tongue (biting)",,,
Stroke,Slurred speech,Atorvastatin,Muscle pain,Rx,,10,1,Senior,All,"Hands (shaking/twitching), Face (jaw clenching), Tongue (biting)",,,
Swine Flu,Sore throat,Oseltamivir,Nausea,Rx,,7.3,18,Senior,Male,"Hands (shaking/twitching), Face (jaw clenching), Tongue (biting)",,,
Swine Flu,Fatigue,Zanamivir,Neuropsychiatric symptoms,Rx,,7.3,18,Senior,All,"Hands (shaking/twitching), Face (jaw clenching), Tongue (biting)",,,
Swine Flu,Chills,Paracetamol,Liver damage,Rx,,10,1,Teenager,Female,"Hands (shaking/twitching), Face (jaw clenching), Tongue (biting)",,,
Swine Flu,Cough,Ibuprofen,GI upset,Rx,,10,1,Teenager,All,"Hands (shaking/twitching), Face (jaw clenching), Tongue (biting)",,,
Swine Flu,Shortness of breath,Amantadine,Confusion,Rx,,,,Child,Male,"Hands (shaking/twitching), Face (jaw clenching), Tongue (biting)",,,
UTI,Burning urination,Nitrofurantoin,Dark urine,Rx,,4.3,29,Child,Male,"Face (drooping on one side), Arm (weakness), Leg (loss of balance)",,,
UTI,Frequent urination,Trimethoprim-sulfamethoxazole,Dark urine,,,8.3,27,Senior,Female,"Face (drooping on one side), Arm (weakness), Leg (loss of balance)",,,
UTI,Cloudy urine,Ciprofloxacin,Rash,Rx,,3,134,Teenager,All,"Face (drooping on one side), Arm (weakness), Leg (loss of balance)",,,
UTI,Foul-smelling urine,Fosfomycin,Rash,,,8,21,Teenager,All,"Face (drooping on one side), Arm (weakness), Leg (loss of balance)",,,
UTI,Pelvic pain,Cephalexin,Tendon rupture,Rx,,10,1,Senior,Female,"Face (drooping on one side), Arm (weakness), Leg (loss of balance)",,,
UTI,Blood in urine,Cranberry,Tendon rupture,Rx,X,8.8,6,Child,Female,"Nose (runny), Eyes (redness), Muscles (severe aches)",,,
UTI,Pressure in abdomen,Probiotics,Diarrhea,Rx,,,,Teenager,Male,"Nose (runny), Eyes (redness), Muscles (severe aches)",,,
UTI,Low-grade fever,Fluids,Diarrhea,Rx,,,,Child,All,"Nose (runny), Eyes (redness), Muscles (severe aches)",,,
UTI,Back pain,D-mannose,Allergic reactions,Rx,,,,Senior,Female,"Nose (runny), Eyes (redness), Muscles (severe aches)",,,
UTI,Fatigue,Hygiene practices,Allergic reactions,Rx,,,,Teenager,All,"Nose (runny), Eyes (redness), Muscles (severe aches)",,,
weight loss,Drop in weight,Dronabinol,Blood clots,Rx,X,8.7,2934,Senior,Female,"Genitals (burning urination), Abdomen (pelvic pressure), Back (ache if advanced)",,,
weight loss,Fatigue,Megestrol,Blood clots,Rx,X,6.6,1939,Adult,Male,"Genitals (burning urination), Abdomen (pelvic pressure), Back (ache if advanced)",,,
weight loss,Muscle wasting,Mirtazapine,Euphoria,Rx,X,8.3,150,Senior,Female,"Genitals (burning urination), Abdomen (pelvic pressure), Back (ache if advanced)",,,
weight loss,Poor appetite,Oxandrolone,Euphoria,Rx,X,8.7,154,Senior,Female,"Genitals (burning urination), Abdomen (pelvic pressure), Back (ache if advanced)",,,
weight loss,Weakness,Cyproheptadine,Sedation,Rx,,9,1,Senior,Female,"Genitals (burning urination), Abdomen (pelvic pressure), Back (ache if advanced)",,,
weight loss,Digestive issues,High-calorie shakes,Sedation,Rx,X,6.7,125,Teenager,Female,"Genitals (burning urination), Abdomen (pelvic pressure), Back (ache if advanced)",,,
weight loss,Anxiety,Counseling,Liver strain,Rx,X,7.8,679,Senior,Female,"Genitals (burning urination), Abdomen (pelvic pressure), Back (ache if advanced)",,,
weight loss,Hair thinning,Frequent meals,Liver strain,Rx,X,7.6,40,Senior,All,"Genitals (burning urination), Abdomen (pelvic pressure), Back (ache if advanced)",,,
weight loss,Cold intolerance,Strength training,Drowsiness,Rx,X,7.5,17,Adult,Male,"Genitals (burning urination), Abdomen (pelvic pressure), Back (ache if advanced)",,,
weight loss,Menstrual issues,Stress management,Drowsiness,Rx,X,,,Teenager,Male,"Genitals (burning urination), Abdomen (pelvic pressure), Back (ache if advanced)",,,
Dengue,High fever,Paracetamol,Liver damage (from overdose),OTC,,8.2,210,Teenager,,"Whole Body, Eyes, Skin",,,
Dengue,Severe headache,Acetaminophen,Liver damage (from overdose),Rx,,7.3,196,Adult,,"Head, Eyes",,,
Dengue,Pain behind the eyes,IV fluids,Nausea,Rx,,7.5,132,Senior,,"Eyes, Head",,,
Dengue,Muscle and joint pain ,Electrolyte solutions,Nausea,Rx,,8,173,Child,,"Muscles, Joints",,,
Dengue,Skin rash,Platelet transfusion,Dizziness,Rx,,7.9,118,Adult,,"Skin, Arms, Chest",,,
Dengue,Nausea,Ondansetron,Dizziness,Rx,,7.6,144,Teenager,,"Abdomen, Head",,,
Dengue,Vomiting,Cetirizine,Allergic reactions,OTC,,6.8,162,Child,,"Abdomen, Mouth",,,
Dengue,Fatigue,Pantoprazole,Allergic reactions,Rx,,7.1,183,Adult,,"Whole Body, Eyes, Skin",,,
Dengue,Swollen glands,Folic Acid,Stomach upset,Rx,,8,94,Teenager,,"Neck, Jaw, Throat",,,
Dengue,Bleeding gums,Domperidone,Stomach upset,Rx,,7.2,99,Senior,,"Mouth, Gums, Throat",,,
Malaria,Fatigue,Chloroquine,Nausea,Rx,,8.1,230,Senior,,"Whole Body, Muscles",,,
Malaria,Rapid breathing,Artemether-lumefantrine,Nausea,Rx,,7.9,198,Adult,,"Lungs, Chest, Nose",,,
Malaria,Fever,Quinine,Dizziness,Rx,,8.3,155,Child,,"Head, Whole Body",,,
Malaria,Chills,Mefloquine,Dizziness,Rx,,7.6,123,Teenager,,"Whole Body, Skin",,,
Malaria,SweatinG,Primaquine,Tinnitus,Rx,,7.2,137,Adult,,"Skin, Chest, Neck",,,
Malaria,Headache,Doxycycline,Tinnitus,Rx,,7.5,174,Senior,,"Head, Eyes, Ears",,,
Malaria,Nausea,Atovaquone-proguani,Vision problems,Rx,,8.6,198,Child,,"Abdomen, Eyes",,,
Malaria,Vomiting,Clindamycin,Vision problems,Rx,,6.9,87,Adult,,"Abdomen, Eyes",,,
Malaria,Abdominal pain,Sulfadoxine-pyrimethamine,Insomnia,Rx,,7.8,102,Teenager,,"Abdomen, Intestines",,,
Malaria,Muscle pain,Tafenoquine.,Insomnia,Rx,,8.4,120,Senior,,"Legs, Arms, Back",,,
Jaundice,Yellowing of skin and eyes,Ursodeoxycholic acid,Nausea,Rx,,8.2,110,Senior,,"Skin, Eyes, Liver",,,
Jaundice,Dark urine,Cholestyramine,Nausea,Rx,,7.7,90,Adult,,"Bladder, Kidneys",,,
Jaundice,Pale stools,Interferon,Diarrhea,Rx,,8.1,132,Teenager,,"Intestines, Liver",,,
Jaundice,Fatigue,Antiviral drugs,Diarrhea,Rx,,7.9,170,Child,,"Whole Body, Eyes",,,
Jaundice,Abdominal pain,Corticosteroids,Headache,Rx,,7.6,147,Teenager,,"Abdomen, Liver",,,
Jaundice,Weight loss,Silymarin,Headache,Rx,,8,198,Adult,,"Whole Body, Liver",,,
Jaundice,Vomiting,N-acetylcysteine,Dizziness,Rx,,6.8,122,Senior,,"Abdomen, Mouth",,,
Jaundice,Fever,Rifampicin,Dizziness,Rx,,7.4,91,Child,,"Whole Body, Head",,,
Jaundice,Itchy skin,Lactulose,Immunosuppression,Rx,,7.5,134,Teenager,,"Skin, Arms, Abdomen",,,
Jaundice,Loss of appetite,Zinc supplements.,Immunosuppression,Rx,,8.1,119,Adult,,"Abdomen, Mouth, Stomach",,,
Chickenpox,Fever,Acyclovir,Nausea,Rx,,7.9,114,Child,,"Whole Body, Skin",,,
Chickenpox,Fatigue,Calamine lotion,Nausea,OTC,,6.9,106,Teenager,,"Whole Body, Skin",,,
Chickenpox,Loss of appetite,Antihistamines,Dizziness,Rx,,7.2,98,Adult,,"Abdomen, Mouth",,,
Chickenpox,Headache,Paracetamol,Dizziness,OTC,,7.8,167,Adult,,"Head, Eyes",,,
Chickenpox,Red spots,Ibuprofen,Skin irritation,Rx,,6.5,132,Child,,"Skin, Arms, Back",,,
Chickenpox,Itchy rash,Oatmeal baths,Skin irritation,OTC,,8.3,153,Teenager,,"Skin, Arms, Back",,,
Chickenpox,Blisters,Baking soda paste,Drowsiness,Rx,,7.4,99,Adult,,"Skin, Back, Chest",,,
Chickenpox,Scabs,Neem leaves,Drowsiness,OTC,,6.7,144,Child,,"Skin, Face, Back",,,
Chickenpox,Body aches,Hydration,Stomach upset,OTC,,8,108,Teenager,,"Whole Body, Muscles",,,
Chickenpox,Sore throat,Calamine lotion,Stomach upset,OTC,,7.3,111,Adult,,"Throat, Mouth",,,
